collection,is_homepage,title,slug,permalink,schema_type,excerpt,order,keywords,media_hero,media_alt,references,album,body_md
taglines,False,Revenge trading,revenge-trading-revenge-trading,/taglines/revenge-trading-revenge-trading/,CreativeWork,,,revenge trading,,,revenge trading,,"Revengeful trading,
our lives."
taglines,False,A Maze,maze-amazing,/taglines/maze-amazing/,Statement,,,"amazing, maze",,,"amazing, maze",,"Amazing
always
has a maze
inside."
taglines,False,Deconspire,deconspire-conspiracy-theory,/taglines/deconspire-conspiracy-theory/,CreativeWork,,,conspiracy theory,,,conspiracy theory,,"Deconspire
yourself."
taglines,False,Broken Things,broken-things-bear-name,/taglines/broken-things-bear-name/,CreativeWork,,,"broken, things, bear, name",,,,,"Broken things
bear my name. "
taglines,False,Where He Died,where-died-place-mountain-arises,/taglines/where-died-place-mountain-arises/,CreativeWork,,,"place, where, died, mountain, arises",,,,,"In the place 
where he died,
a mountain arises."
taglines,False,To Paradise,paradise-arrive-awake,/taglines/paradise-arrive-awake/,Statement,,,"paradise, arrive, awake",https://miro.medium.com/v2/resize:fit:1400/1*Kz6OlNxFTbTXXgglBMdzsA.jpeg,"Puppeteer Walid Rashed performing for kids on top of the ruins of the city. Saraqib, Syria. March 27, 2019. Photograph by Anas Alkharbouti/DPA (Deutsche Picture Alliance)",,,"To paradise 
we don't arrive, 
we awake."
taglines,False,The Flies,flies-know-where-wound,/taglines/flies-know-where-wound/,CreativeWork,,,"flies, know, where, wound",,,,,"The flies 
know 
where is
my wound."
taglines,False,Behind,behind-every-evil-woman-there,/taglines/behind-every-evil-woman-there/,Statement,,,"behind, every, evil, woman, there, asshole",,,,,"Behind
every evil woman,
there's a big
asshole."
taglines,False,Four Kings,four-kings-lost,/taglines/four-kings-lost/,CreativeWork,,,"four, kings, lost",,,,,"They were
four kings,
but one
got lost."
taglines,False,Dan Overcash,dan-overcash-always-broke,/taglines/dan-overcash-always-broke/,CreativeWork,,,"overcash, always, broke",,,,,"Dan Overcash
is always broke."
taglines,False,Our Way,way-play-cheat,/taglines/way-play-cheat/,CreativeWork,,,"play, cheat",,,,,"Let's play it 
our way
so we can cheat."
taglines,False,A Battery,battery-increases-size-order-attract,/taglines/battery-increases-size-order-attract/,CreativeWork,,,"battery, increases, size, order, attract, female, counterpart",,,,,"A battery
increases his size
in order to
attract a female
counterpart."
taglines,False,In the living room,living-room-have-toys-didn,/taglines/living-room-have-toys-didn/,CreativeWork,,,"have, living, room, toys, didn",,,,,"In the living room
I have now
the toys I didn't have
as a kid."
taglines,False,Two seconds ago,two-seconds-ago-river-wasn,/taglines/two-seconds-ago-river-wasn/,CreativeWork,,,"seconds, river, wasn, here",,,,,"Two seconds ago
this river wasn't here."
taglines,False,Mummies,mummies-digitally-reborn,/taglines/mummies-digitally-reborn/,CreativeWork,,,"mummies, digitally, reborn",,,,,"Mummies
digitally
reborn."
taglines,False,"During starry nights,",during-starry-nights-remember-always,/taglines/during-starry-nights-remember-always/,CreativeWork,,,"during, starry, nights, remember, always, spot, darkest, patch",,,,,"During starry nights, 
remember always to spot
the darkest patch."
taglines,False,"Attention is a currency,",attention-currency-always,/taglines/attention-currency-always/,Statement,,,"attention, currency, always",,,,,"Attention is a currency,
you always must 
pay with it."
taglines,False,"For the photon,",photon-still-photography,/taglines/photon-still-photography/,Statement,,,"photon, still, photography",,,,,"For the photon,
we are still photography."
taglines,False,"A house is not a home,",house-home-welcome,/taglines/house-home-welcome/,Statement,,,"house, home, welcome",,,,,"A house is not a home,
if you are not welcome."
taglines,False,Don't wait,don-t-wait-pain-make,/taglines/don-t-wait-pain-make/,CreativeWork,,,"wait, pain, make, sense",,,,,"Don't wait 
""for the pain to make sense"""
taglines,False,"A missing piece,",missing-piece-makes-obsolete-table,/taglines/missing-piece-makes-obsolete-table/,Statement,,,"missing, piece, makes, obsolete, table, game",,,,,"A missing piece,
makes obsolete
the table game."
taglines,False,Reverse Engineer,reverse-engineer-fantasies-romance,/taglines/reverse-engineer-fantasies-romance/,CreativeWork,,,"reverse, engineer, fantasies, romance",,,,,"Reverse Engineer
""the fantasies that you romance to"""
taglines,False,Messenger,messenger-message,/taglines/messenger-message/,Statement,,,"messenger, message",,,,,"Messenger
and Message
are One"
taglines,False,Opium wars,opium-wars-backfire,/taglines/opium-wars-backfire/,CreativeWork,,,"opium, wars, backfire",,,,,"Opium wars
backfire."
taglines,False,Deliver us,deliver-us-anything-like-collect,/taglines/deliver-us-anything-like-collect/,CreativeWork,,,"deliver, anything, like, collect",,,,,"Deliver us
from anything
we would like
to collect."
taglines,False,A basketball's free throw,basketball-s-free-throw-never,/taglines/basketball-s-free-throw-never/,Statement,,,"basketball, free, throw, never, lies",,,,,"A basketball's free throw
never lies."
taglines,False,A gun,gun-retrogrades-bullets-magazine,/taglines/gun-retrogrades-bullets-magazine/,CreativeWork,,,"retrogrades, bullets, magazine",,,,,"A gun
that retrogrades
bullets
to the magazine."
taglines,False,Wish,wish-person-loves-never-becomes,/taglines/wish-person-loves-never-becomes/,CreativeWork,,,"wish, person, loves, never, becomes, invisible",,,,,"Wish
that the person 
who loves you,
never becomes
invisible to you."
taglines,False,Symmetry,symmetry-mirrored-code,/taglines/symmetry-mirrored-code/,Statement,,,"symmetry, mirrored, code",,,,,"Symmetry
is mirrored
code"
taglines,False,"If the audience is too big,",if-audience-big-nothing-important,/taglines/if-audience-big-nothing-important/,Statement,,,"audience, nothing, important, discussed",,,,,"If the audience is too big,
nothing important
is being discussed."
taglines,False,Virus,virus-database-outdated,/taglines/virus-database-outdated/,CreativeWork,,,"virus, database, outdated",,,,,"Virus
database
has been
outdated."
personal-micro-dictionary,False,NEWBORN GAZE:,newborn-gaze-universe-recognizing-itself,/personal-micro-dictionary/newborn-gaze-universe-recognizing-itself/,ShortStory,,,"newborn, gaze, universe, recognizing, itself",,,,,"NEWBORN GAZE:

The universe
recognizing itself."
personal-micro-dictionary,False,BUILDING:,building-cuboid-mount-caves-eagle,/personal-micro-dictionary/building-cuboid-mount-caves-eagle/,CreativeWork,,,"building, cuboid, mount, caves, eagle, view, termite, passages, cave, humans",,,,,"BUILDING:

A cuboid mount
with caves.

Eagle view
but termite passages.

Cave humans
nevertheless."
personal-micro-dictionary,False,PENCIL:,pencil-ashes-reincarnating-life-paper,/personal-micro-dictionary/pencil-ashes-reincarnating-life-paper/,ShortStory,,,"pencil, ashes, reincarnating, life, paper",,,,,"PENCIL:

Ashes reincarnating
as new life
on a paper."
personal-micro-dictionary,False,INNER EAR:,inner-ear-living-fossil-inside,/personal-micro-dictionary/inner-ear-living-fossil-inside/,ShortStory,,,"inner, living, fossil, inside, humans",,,,,"INNER EAR:

A living fossil
inside a sea of humans."
personal-micro-dictionary,False,ANTICIPATION:,anticipation-thousand-mini-death-sentence,/personal-micro-dictionary/anticipation-thousand-mini-death-sentence/,ShortStory,,,"anticipation, thousand, mini, death, sentence, flyers, suddenly, released, bloodstream",,,,,"ANTICIPATION:

One thousand
mini death sentence flyers,
suddenly released
in your bloodstream."
personal-micro-dictionary,False,ASSESSMENT:,assessment-dogs-know-each-other,/personal-micro-dictionary/assessment-dogs-know-each-other/,CreativeWork,,,"assessment, dogs, know, each, other",,,,,"ASSESSMENT:

The way dogs 
get to know 
each other."
personal-micro-dictionary,False,BODYBUILDER:,bodybuilder-wears-skin,/personal-micro-dictionary/bodybuilder-wears-skin/,ShortStory,,,"bodybuilder, wears, skin",,,,,"BODYBUILDER:

She wears her skin."
personal-micro-dictionary,False,SOCIAL MEDIAS:,social-medias-memories-pixel-decaying,/personal-micro-dictionary/social-medias-memories-pixel-decaying/,ShortStory,,,"social, medias, memories, pixel, decaying",,,,,"SOCIAL MEDIAS:

Memories
pixel
decaying."
personal-micro-dictionary,False,EINSTEIN,einstein-hindrance-piedra-camino,/personal-micro-dictionary/einstein-hindrance-piedra-camino/,CreativeWork,,,"einstein, hindrance, piedra, camino",,,,,"EINSTEIN
(hindrance):

Una piedra en el camino."
personal-micro-dictionary,False,PLANTS:,plants-earth-heaven-except-phytoplankton,/personal-micro-dictionary/plants-earth-heaven-except-phytoplankton/,ShortStory,,,"plants, earth, heaven, except, phytoplankton, drifter",,,,,"PLANTS:

Under Earth as it is in Heaven,
except you
phytoplankton,
you're a drifter."
personal-micro-dictionary,False,MUSE/MUSIC:,muse-music-heartbeat-breathing-orchestrated,/personal-micro-dictionary/muse-music-heartbeat-breathing-orchestrated/,CreativeWork,,,"muse, music, heartbeat, breathing, orchestrated",,,,,"MUSE/MUSIC:

Heartbeat
and
Breathing

Orchestrated."
personal-micro-dictionary,False,GENTRIFICATION:,gentrification-customise-driving-avatar,/personal-micro-dictionary/gentrification-customise-driving-avatar/,CreativeWork,,,"gentrification, customise, driving, avatar",,,,,"GENTRIFICATION:

""Customise your driving avatar"""
personal-micro-dictionary,False,STATIC BICYCLE:,static-bicycle-ride-nowhere,/personal-micro-dictionary/static-bicycle-ride-nowhere/,ShortStory,,,"static, bicycle, ride, nowhere",,,,,"STATIC BICYCLE:

A ride
to nowhere."
personal-micro-dictionary,False,VERTEBRAE:,vertebrae-column-rows-data,/personal-micro-dictionary/vertebrae-column-rows-data/,CreativeWork,,,"vertebrae, column, rows, data",,,,,"VERTEBRAE:

Column,
Rows,
Data."
personal-micro-dictionary,False,INTELLIGENCE:,intelligence-inversely-proportionate-amount-trash,/personal-micro-dictionary/intelligence-inversely-proportionate-amount-trash/,Statement,,,"intelligence, inversely, proportionate, amount, trash, leftover",,,,,"INTELLIGENCE:

Inversely proportionate
to the amount of trash
you leftover."
personal-micro-dictionary,False,CANIS MAJOR:,canis-major-collective-unconsciousness-headless,/personal-micro-dictionary/canis-major-collective-unconsciousness-headless/,CreativeWork,,,"canis, major, collective, unconsciousness, headless, robot, black, mirror",,,,,"CANIS MAJOR:

Collective Unconsciousness,
the headless robot dog
from Black Mirror."
personal-micro-dictionary,False,SPIRIT:,spirit-when-animal-stops-hallucinates,/personal-micro-dictionary/spirit-when-animal-stops-hallucinates/,ShortStory,,,"spirit, when, animal, stops, hallucinates",,,,,"SPIRIT:

When the animal stops,
hallucinates."
personal-micro-dictionary,False,ID BADGE:,badge-heaviest-object-carry,/personal-micro-dictionary/badge-heaviest-object-carry/,ShortStory,,,"badge, heaviest, object, carry",,,,,"ID BADGE:

The heaviest object
you can carry."
written-photography,False,IN THE RIVER,river-stones-rounded-time-still,/written-photography/river-stones-rounded-time-still/,ShortStory,,,"river, stones, rounded, time, still, sharp, went, through, breakup",,,,,"IN THE RIVER

All stones are rounded by time.
those still sharp,
just went through a breakup."
written-photography,False,GRAVE MARKERS,grave-markers-only-full-names,/written-photography/grave-markers-only-full-names/,CreativeWork,,,"grave, markers, only, full, names, dates, have, least, more, sentence",,,,,"GRAVE MARKERS

With only full names
and two dates,
should have at least
one more sentence to tell. "
written-photography,False,CINDERELLA,cinderella-goes-sleep-midnight-because,/written-photography/cinderella-goes-sleep-midnight-because/,CreativeWork,,,"cinderella, goes, sleep, midnight, because, another, representation, venus",,,,,"CINDERELLA

Goes to sleep
before midnight,
because she is another 
representation 
of Venus "
written-photography,False,PROPORTIONAL,proportional-followers-shiny-things-directly,/written-photography/proportional-followers-shiny-things-directly/,CreativeWork,,,"proportional, followers, shiny, things, directly, devotees, darkness",,,,,"PROPORTIONAL

Followers of shiny things
are directly proportional
devotees of darkness. "
written-photography,False,WEIGHT,weight-scanning-whole-store-looking,/written-photography/weight-scanning-whole-store-looking/,ShortStory,,,"weight, scanning, whole, store, looking, unique, craftsmanship, price, jewelry, entirely",,,,,"WEIGHT

After scanning the whole store 
looking for unique craftsmanship,

the price of the jewelry 
was entirely determined 
by the weight of the gold."
written-photography,False,SLEEPING BAG,sleeping-bag-anaconda-almost-entirely,/written-photography/sleeping-bag-anaconda-almost-entirely/,ShortStory,,,"sleeping, anaconda, almost, entirely, devored",,,,,"SLEEPING BAG

This anaconda,
almost entirely,
has devored me."
written-photography,False,THE SLAVES,slaves-finally-free-when-archaeologist,/written-photography/slaves-finally-free-when-archaeologist/,ShortStory,,,"slaves, finally, free, when, archaeologist, unearthed, clay, pronounced, names",,,,,"THE SLAVES

Were finally free
when the archaeologist
unearthed that clay
and pronounced their names."
written-photography,False,INFINITY,infinity-perspective,/written-photography/infinity-perspective/,ShortStory,,,"infinity, perspective",,,,,"INFINITY

From this perspective
infinity
is just a dot."
written-photography,False,EVERY NUMBER,every-number-invisibly-multiplied-divided,/written-photography/every-number-invisibly-multiplied-divided/,CreativeWork,,,"every, number, invisibly, multiplied, divided, powered",,,,,"EVERY NUMBER

Every number is 
invisibly
multiplied, divided and powered
by one."
written-photography,False,THE BACTERIA,bacteria-inside-guts-configure-smart,/written-photography/bacteria-inside-guts-configure-smart/,ShortStory,,,"bacteria, inside, guts, configure, smart, organism, shell, human-shaped, exoskeleton",,,,,"THE BACTERIA

Inside our guts
configure a smart organism,
we are just its shell.

Human-Shaped Exoskeleton"
written-photography,False,LOOK AROUND,look-around-metal-glass-plastic,/written-photography/look-around-metal-glass-plastic/,CreativeWork,,,"look, around, metal, glass, plastic, concrete, together, colored, coatings, have",,,,,"LOOK AROUND

All metal, glass, plastic and concrete,
together with their 
colored coatings,
have been cooked for you.

No wondering why
human-made
climate change."
written-photography,False,ORCHESTRA,orchestra-groups-women-have-started,/written-photography/orchestra-groups-women-have-started/,ShortStory,,,"orchestra, groups, women, have, started, transform, every, single, monument, hole",,,,,"ORCHESTRA

Groups of women 
have started to transform
every single monument
into a hole in the ground,
flattened and circular,
called 'Dancing Space'."
written-photography,False,A CHINESE EMPEROR,chinese-emperor-died-precisely-because,/written-photography/chinese-emperor-died-precisely-because/,ShortStory,,,"chinese, emperor, died, precisely, because, belief, drinking, mercury, elixir, towards",,,,,"A CHINESE EMPEROR

died
precisely because of
his belief in drinking mercury
as an elixir towards immortality."
written-photography,False,EVERYWHERE I LOOK,everywhere-look-masque-death,/written-photography/everywhere-look-masque-death/,CreativeWork,,,"everywhere, look, masque, death",,,,,"EVERYWHERE I LOOK

""The Masque of the Red Death"""
written-photography,False,A SMALL TIE,small-tie-perfect-coat-sternum,/written-photography/small-tie-perfect-coat-sternum/,CreativeWork,,,"small, perfect, coat, sternum",,,,,"A SMALL TIE

Is a perfect coat
for your sternum. "
written-photography,False,SANS-SOUCI,sans-souci-care-free-cursed-palace-haiti,/written-photography/sans-souci-care-free-cursed-palace-haiti/,CreativeWork,,,"sans-souci, care-free, cursed, palace, haiti",,,,,"SANS-SOUCI

""Care-free""
is a cursed palace
in Haiti."
written-photography,False,FROM RED TO GREEN,red-green-there-millions-steps,/written-photography/red-green-there-millions-steps/,CreativeWork,,,"green, there, millions, steps",,,,,"FROM RED TO GREEN

There are 
millions of steps 
between."
written-photography,False,BITCOIN WAS THE TEST NET,bitcoin-test-net-further-energetic,/written-photography/bitcoin-test-net-further-energetic/,CreativeWork,,,"bitcoin, test, further, energetic, demand, matrix",,,,,"BITCOIN WAS THE TEST NET

For a further 
energetic demand
from a Matrix."
written-photography,False,IN THE TEMPLE,temple-days-endless-mantras-until,/written-photography/temple-days-endless-mantras-until/,ShortStory,,,"temple, days, endless, mantras, until, people, faint, healed",,,,,"IN THE TEMPLE

Days of endless mantras
until people faint healed."
written-photography,False,SISYPHUS SYZIGY,sisyphus-syzigy-each-carries-earth,/written-photography/sisyphus-syzigy-each-carries-earth/,ShortStory,,,"sisyphus, syzigy, each, carries, earth, underneath, perihelion, aphelion, again, relay",,,,,"SISYPHUS SYZIGY

Each one of us 
carries the Earth underneath
from perihelion to aphelion
over and over again
relay races
symphony."
written-photography,False,I'M FULL OF SUPERSTITION,m-full-superstition-scientificaly-backed,/written-photography/m-full-superstition-scientificaly-backed/,CreativeWork,,,"full, superstition, scientificaly, backed, possible",,,,,"I'M FULL OF SUPERSTITION

as scientificaly backed
as possible."
written-photography,False,YOUR SALARY,salary-still-certain-amount-salt,/written-photography/salary-still-certain-amount-salt/,Statement,,,"salary, still, certain, amount, salt",,,,,"YOUR SALARY

is still
a certain 
amount
of salt."
written-photography,False,SEAMLESSLY,seamlessly-wherever-waiting-line-frictionless,/written-photography/seamlessly-wherever-waiting-line-frictionless/,CreativeWork,,,"seamlessly, wherever, waiting, line, frictionless, solutions, coming",,,,,"SEAMLESSLY

Wherever you see 
a waiting line,

frictionless solutions
are coming."
written-photography,False,I KNOW ABOUT HAPPINESS,know-happiness-because-felt-laughter,/written-photography/know-happiness-because-felt-laughter/,CreativeWork,,,"know, happiness, because, felt, laughter, like",,,,,"I KNOW ABOUT HAPPINESS

Because 
I felt your laughter
like my own."
written-photography,False,COUNTERINTUITIVE,counterintuitive-removing-temptations-eating,/written-photography/counterintuitive-removing-temptations-eating/,ShortStory,,,"counterintuitive, removing, temptations, eating",,,,,"COUNTERINTUITIVE

Removing temptations
by eating them all."
written-photography,False,IN A CASINO,casino-lost-everything-ever-considered,/written-photography/casino-lost-everything-ever-considered/,ShortStory,,,"casino, lost, everything, ever, considered, valuable",,,,,"IN A CASINO

I lost everything
that I ever
considered valuable."
written-photography,False,ARTIFICIAL INTELLIGENCE,artificial-intelligence-revealed-game-always,/written-photography/artificial-intelligence-revealed-game-always/,CreativeWork,,,"artificial, intelligence, revealed, game, always, which, questions",,,,,"ARTIFICIAL INTELLIGENCE

Has revealed:
The game was always about
which questions to ask."
written-photography,False,MIND WHERE YOU ARE,mind-where-convergent-evolution-operating,/written-photography/mind-where-convergent-evolution-operating/,Statement,,,"mind, where, convergent, evolution, operating",,,,,"MIND WHERE YOU ARE

Convergent evolution
is operating on you."
written-photography,False,IKARIA WARIOOTIA,ikaria-wariootia-inside-mount-anus,/written-photography/ikaria-wariootia-inside-mount-anus/,CreativeWork,,,"ikaria, wariootia, inside, mount, anus, sophisticated, worms, physiological, crutches, peristaltic",,,,,"IKARIA WARIOOTIA

Inside of us all,
mount to anus,
we're sophisticated worms
with physiological crutches.

Peristaltic Locomotion."
written-photography,False,DEEP SLEEP,deep-sleep-requires-face-dead,/written-photography/deep-sleep-requires-face-dead/,CreativeWork,,,"deep, sleep, requires, face, dead, person",,,,,"DEEP SLEEP

Requires
that you put on the face
of a dead person."
written-photography,False,BY THE CUT,cut-where-dead-ends-meet,/written-photography/cut-where-dead-ends-meet/,CreativeWork,,,"where, dead, ends, meet",,,,,"BY THE CUT

See you
where
the two dead ends
meet."
written-photography,False,DOWN IN THE HORIZON,down-horizon-sirius-blinks-white,/written-photography/down-horizon-sirius-blinks-white/,CreativeWork,,,"down, horizon, sirius, blinks, white, blue, like, lights, police",,,,,"DOWN IN THE HORIZON

Sirius blinks red, white and blue,
like the lights
on a police car."
written-photography,False,SUCCESSOR,successor-depends-ability-succeed,/written-photography/successor-depends-ability-succeed/,CreativeWork,,,"successor, depends, ability, succeed",,,,,"SUCCESSOR

Depends on
the ability
to succeed."
written-photography,False,THE CELLS,cells-understand-everything-know-hadn,/written-photography/cells-understand-everything-know-hadn/,ShortStory,,,"cells, understand, everything, know, hadn, born, time, heard, same, advices",,,,,"THE CELLS

That could understand
everything that we now know,

hadn't born yet
by the time
we heard the same advices."
written-photography,False,YOU CAN'T GO BACK IN TIME,t-go-back-time-move,/written-photography/t-go-back-time-move/,CreativeWork,,,"back, time, move, forward, future, past, other, person, showing, change",,,,,"YOU CAN'T GO BACK IN TIME

But you can move forward
to the future's past 
of other person.

By showing up:
you change it."
written-photography,False,ONCE I SAT DOWN,once-sat-down-meditation-since,/written-photography/once-sat-down-meditation-since/,ShortStory,,,"once, down, meditation, since, then, feeling, still, sitting, there, seeing",,,,,"ONCE I SAT DOWN

In Zen Meditation.

Since then I got the feeling
that I'm still sitting there

and you're seeing
a hologram."
written-photography,False,TAO,tao-mistery-mastery-twins-both,/written-photography/tao-mistery-mastery-twins-both/,CreativeWork,,,"mistery, mastery, twins, both, meet, mist",,,,,"TAO

Mistery and Mastery
are twins,

they both 
meet 
in the mist."
written-photography,False,COMMIT,commit-humans-longer-commute-neither,/written-photography/commit-humans-longer-commute-neither/,Statement,,,"commit, humans, longer, commute, neither, communicate",,,,,"COMMIT

Humans 'will not longer commute',
neither 'they will communicate'
They will just 'commit'."
written-photography,False,TRANSCENDENTAL,transcendental-imaginary-time-impossible-square,/written-photography/transcendental-imaginary-time-impossible-square/,CreativeWork,,,"transcendental, imaginary, time, impossible, square",,,,,"TRANSCENDENTAL

Imaginary Time
is
Impossible to Square"
written-photography,False,"I"" BEARS THE SHADOW",bears-shadow-dances-saggitarius,/written-photography/bears-shadow-dances-saggitarius/,CreativeWork,,,"bears, shadow, dances, saggitarius",,,,,"""I"" BEARS THE SHADOW

The sun dances
Saggitarius A*
<=>"
written-photography,False,MOUNTAINS,mountains-destroyed-tear-down-axis,/written-photography/mountains-destroyed-tear-down-axis/,Statement,,,"mountains, destroyed, tear, down, axis, mundi, colonized, community",,,,,"MOUNTAINS

Are destroyed
to tear down the axis mundi
of a colonized community."
written-photography,False,SHARING THE SAME DNA,sharing-same-dna-subjects-variable,/written-photography/sharing-same-dna-subjects-variable/,Statement,,,"sharing, same, subjects, variable, degrees, disease",,,,,"SHARING THE SAME DNA

We are all subjects to
variable degrees of
Mad Cow Disease."
written-photography,False,TIME STAMPS,time-stamps-work-progress-until,/written-photography/time-stamps-work-progress-until/,Statement,,,"time, stamps, work, progress, until",,,,,"TIME STAMPS

Work in progress
until we die. "
written-photography,False,OUR MEMORIES,memories-overwritten-someone-else,/written-photography/memories-overwritten-someone-else/,CreativeWork,,,"memories, overwritten, someone, else",,,,,"OUR MEMORIES

Are being overwritten
by someone else now."
written-photography,False,THE ANTS CAME,ants-came-took-away-binary,/written-photography/ants-came-took-away-binary/,ShortStory,,,"ants, came, took, away, binary, codes, book",,,,,"THE ANTS CAME

and took away,  
one by one,
the binary codes
of this book. "
taglines,False,Scrolling,scrolling-gdfr-goin-down-for-real-flo-rida-sage-the-gemini,/taglines/scrolling-gdfr-goin-down-for-real-flo-rida-sage-the-gemini/,VisualArtwork,,,"g.d.f.r., goin' down for real, flo rida, sage the gemini, lookas, my house (2015)",,,"G.D.F.R., Goin' Down For Real, Flo Rida, Sage the Gemini, Lookas, My House (2015)",,"Scrolling
down
for real"
taglines,False,Wish to have no followers,wish-have-followers-zero-follower-no-followers,/taglines/wish-have-followers-zero-follower-no-followers/,CreativeWork,,,"zero-follower, no followers",,,"zero-follower, no followers",,Wish to have no followers
visualartwork,False,SOUND MINDED,sound-minded-star-of-affinity-rhcp-michael-moorcock,/visualartwork/sound-minded-star-of-affinity-rhcp-michael-moorcock/,VisualArtwork,,,"star of affinity, rhcp, michael moorcock, kurt vonnegut, breakfast of champions",,,"Star of Affinity, RHCP, Michael Moorcock, Kurt Vonnegut, Breakfast of Champions",,"SOUND MINDED

âœ³"
visualartwork,False,Google is searching us,google-searching-us-surveillance-capitalism-attention-economy,/visualartwork/google-searching-us-surveillance-capitalism-attention-economy/,VisualArtwork,,,"surveillance capitalism, attention economy, dystopian dissimulation",,,"surveillance capitalism, attention economy, dystopian dissimulation",,Google is searching us
visualartwork,False,New Britain Mask,new-britain-mask,/visualartwork/new-britain-mask/,VisualArtwork,,,"britain, mask",https://media.raribleuserdata.com/image/aHR0cHM6Ly9pcGZzLnJhcmlibGV1c2VyZGF0YS5jb20vaXBmcy9RbVN0S0s5ZGlDcXVoeFBBUFlkZXl3OXhXUmJWaVhuR2ZzdXhhN0JLdnNUbjhCL2ltYWdlLnBuZw==?,,,,New Britain Mask
visualartwork,False,Golden Snub-Nosed Monkey,golden-snub-nosed-monkey,/visualartwork/golden-snub-nosed-monkey/,VisualArtwork,,,"golden, snub-nosed, monkey",https://media.raribleuserdata.com/image/aHR0cHM6Ly9pcGZzLnJhcmlibGV1c2VyZGF0YS5jb20vaXBmcy9RbVNFR1pITHBKZlV4WkUzRUpUTDdwbThWRkZKV2FLZG9XM0NTZ0RqdHhBbW01L2ltYWdlLnBuZw==?,,,,Golden Snub-Nosed Monkey
visualartwork,False,Loris,loris,/visualartwork/loris/,VisualArtwork,,,loris,https://media.raribleuserdata.com/image/aHR0cHM6Ly9pcGZzLnJhcmlibGV1c2VyZGF0YS5jb20vaXBmcy9RbWFBTVg0V0htdzZyd2pROTFpOTkxYkw0N0I2WTM0b2MxUGtpNjlteVh5U1RVL2ltYWdlLnBuZw==?,,,,Loris
visualartwork,False,Japanese Macaque,japanese-macaque,/visualartwork/japanese-macaque/,VisualArtwork,,,"japanese, macaque",https://media.raribleuserdata.com/image/aHR0cHM6Ly9pcGZzLnJhcmlibGV1c2VyZGF0YS5jb20vaXBmcy9RbVJ2TXlvejJycll1Slg5SGM5bXdmNjNjM0o0bnhRR1oxZll1bmNyWnNOSmVjL2ltYWdlLnBuZw==?,,,,Japanese Macaque
visualartwork,False,Llama,llama,/visualartwork/llama/,VisualArtwork,,,llama,https://media.raribleuserdata.com/image/aHR0cHM6Ly9pcGZzLnJhcmlibGV1c2VyZGF0YS5jb20vaXBmcy9RbWU3RllkNld4UDRvakJ2bTZXN25pWERtRHZVUlBrbjdma2MxVENmcnVob3pZL2ltYWdlLnBuZw==?,,,,Llama
visualartwork,False,Red Fox,red-fox,/visualartwork/red-fox/,VisualArtwork,,,"red, fox",https://media.raribleuserdata.com/image/aHR0cHM6Ly9pcGZzLnJhcmlibGV1c2VyZGF0YS5jb20vaXBmcy9RbU5jQTRhVWpQTm9DdXNNNUwyckpnd0Q0THFNVWZMaGYyOUxMUVl4aFBwWUVtL2ltYWdlLnBuZw==?,,,,Red Fox
visualartwork,False,Songye Kifwebe Mask,songye-kifwebe-mask,/visualartwork/songye-kifwebe-mask/,VisualArtwork,,,"songye, kifwebe, mask",https://media.raribleuserdata.com/image/aHR0cHM6Ly9pcGZzLnJhcmlibGV1c2VyZGF0YS5jb20vaXBmcy9RbVEza0dXcnlQWnhhSDFzOFNlOWJtVjV0SjdGcVM1alRwMm1VS29wY0JZMzVIL2ltYWdlLnBuZw==?,,,,Songye Kifwebe Mask
visualartwork,False,Bemba Mask,bemba-mask,/visualartwork/bemba-mask/,VisualArtwork,,,"bemba, mask",https://media.raribleuserdata.com/image/aHR0cHM6Ly9pcGZzLnJhcmlibGV1c2VyZGF0YS5jb20vaXBmcy9RbWVtdEpKVDZYM3ozNXNHTlBja1dVNUFLdVRkSEpTM3hyYmRLNE1jQWVnVmR4L2ltYWdlLnBuZw==?,,,,Bemba Mask
visualartwork,False,Elema Mask,elema-mask,/visualartwork/elema-mask/,VisualArtwork,,,"elema, mask",https://media.raribleuserdata.com/image/aHR0cHM6Ly9pcGZzLnJhcmlibGV1c2VyZGF0YS5jb20vaXBmcy9RbWFxaEdaNGpwSzVTbVBHWkNSVFNQZkxaNlptSzNDUDZiczd6N0JLdXJVUDhDL2ltYWdlLnBuZw==?,,,,Elema Mask
visualartwork,False,Sepik River Mask,sepik-river-mask,/visualartwork/sepik-river-mask/,VisualArtwork,,,"sepik, river, mask",https://media.raribleuserdata.com/image/aHR0cHM6Ly9pcGZzLnJhcmlibGV1c2VyZGF0YS5jb20vaXBmcy9RbWRHeUJuNW9haVlHNFdRRjdaUWZFWlE0VmQzQ3k1M1BXUkpYaU5rbUFrUXZZL2ltYWdlLnBuZw==?,,,,Sepik River Mask
visualartwork,False,Palm Peach Mask,palm-peach-mask,/visualartwork/palm-peach-mask/,VisualArtwork,,,"palm, peach, mask",https://media.raribleuserdata.com/image/aHR0cHM6Ly9pcGZzLnJhcmlibGV1c2VyZGF0YS5jb20vaXBmcy9RbVpNTlZLNDI0WUtKNFJidFdhTVhXekU2enlVdDU3SlZpa3VGRkdmUnFCblJwL2ltYWdlLnBuZw==?,,,,Palm Peach Mask
visualartwork,False,Indonesian Mask,indonesian-mask,/visualartwork/indonesian-mask/,VisualArtwork,,,"indonesian, mask",https://media.raribleuserdata.com/image/aHR0cHM6Ly9pcGZzLnJhcmlibGV1c2VyZGF0YS5jb20vaXBmcy9RbWFmcEdEaWVyck1hTjdWRkYxSFVKWWllcHR5Y0J6OEpBM2ZKOUFXYUhjcFJOL2ltYWdlLnBuZw==?,,,,Indonesian Mask
visualartwork,False,Philippine Eagle,philippine-eagle,/visualartwork/philippine-eagle/,VisualArtwork,,,"philippine, eagle",https://media.raribleuserdata.com/image/aHR0cHM6Ly9pcGZzLnJhcmlibGV1c2VyZGF0YS5jb20vaXBmcy9RbVRpRm5Dd1lTdEdNcGtobTJLR2N2QUZFR0xtR0Z0dzVOcFU4OUxvdzhXYjVSL2ltYWdlLnBuZw==?,,,,Philippine Eagle
visualartwork,False,Puma,puma,/visualartwork/puma/,VisualArtwork,,,puma,https://media.raribleuserdata.com/image/aHR0cHM6Ly9pcGZzLnJhcmlibGV1c2VyZGF0YS5jb20vaXBmcy9RbWNOU3ZiNWI3WlhaWFBGaTROdkhXVWc2enI4NExOM0tONDZjc21pTWh2RWp4L2ltYWdlLnBuZw==?,,,,Puma
visualartwork,False,Sifaka,sifaka,/visualartwork/sifaka/,VisualArtwork,,,sifaka,https://media.raribleuserdata.com/image/aHR0cHM6Ly9pcGZzLnJhcmlibGV1c2VyZGF0YS5jb20vaXBmcy9RbVlCYXZ4SkZRTkdlUHVGRW14OERVcENrenZic3pVODJMYzZHOHBlOXZpaW5UL2ltYWdlLnBuZw==?,,,,Sifaka
visualartwork,False,Fennec Fox,fennec-fox,/visualartwork/fennec-fox/,VisualArtwork,,,fennec,https://media.raribleuserdata.com/image/aHR0cHM6Ly9pcGZzLnJhcmlibGV1c2VyZGF0YS5jb20vaXBmcy9RbVhkZ0ZTYnpEbWJaSHlpNko5ZnFoTG1NbWNLb3VSazM1dFVjb05YdE1LeXVDL2ltYWdlLnBuZw==?,,,,Fennec Fox
visualartwork,False,Dolphin,dolphin,/visualartwork/dolphin/,VisualArtwork,,,dolphin,https://media.raribleuserdata.com/image/aHR0cHM6Ly9pcGZzLnJhcmlibGV1c2VyZGF0YS5jb20vaXBmcy9RbWVoYXc2UXVweVoyem5LQWQ2ak1nWXdheWlnOHZDY005UUhiVjJHWDhScWk5L2ltYWdlLnBuZw==?,,,,Dolphin
visualartwork,False,Reverse Darwinism:,reverse-darwinism-dr-alan-grant-jurassic-park-iii,/visualartwork/reverse-darwinism-dr-alan-grant-jurassic-park-iii/,VisualArtwork,,,"dr. alan grant, jurassic park iii",,,"Dr. Alan Grant, Jurassic Park III",,"""Reverse Darwinism:
Survival of the most idiotic"""
sculpture,False,Chicken Heart,chicken-heart-takotsubo-cardiomyopathy-broken-heart-chicken-hear,/sculpture/chicken-heart-takotsubo-cardiomyopathy-broken-heart-chicken-hear/,Sculpture,,,"takotsubo cardiomyopathy, broken heart, chicken heart",,,"Takotsubo Cardiomyopathy, broken heart, chicken heart",,Chicken Heart
sculpture,False,Everything Fist Well,everything-fist-well-closer-2004,/sculpture/everything-fist-well-closer-2004/,Sculpture,,,closer (2004),,,Closer (2004),,Everything Fist Well
sculpture,False,VISIBLE TO ME,visible-antoine-de-saint-exupery-the-little-prince,/sculpture/visible-antoine-de-saint-exupery-the-little-prince/,Sculpture,,,"antoine de saint-exupery, the little prince",,,"Antoine de Saint-ExupÃ©ry, The Little Prince",,"VISIBLE TO ME

""What is essential is invisible to the eye"""
sculpture,False,Crystal Meth Clear,crystal-meth-clear,/sculpture/crystal-meth-clear/,Sculpture,,,"crystal, meth, clear",,,,,Crystal Meth Clear
sculpture,False,Iceberg,iceberg,/sculpture/iceberg/,Sculpture,,,iceberg,,,,,Iceberg
sculpture,False,CorazÃ³n Espinado,corazon-espinado-corazon-espinado-santana-supernatural,/sculpture/corazon-espinado-corazon-espinado-santana-supernatural/,Sculpture,,,"corazon espinado, santana, supernatural",,,"CorazÃ³n espinado, Santana, Supernatural",,CorazÃ³n Espinado
sculpture,False,Heartless,heartless,/sculpture/heartless/,Sculpture,,,heartless,,,,,Heartless
sculpture,False,Under the reign of king Minos,reign-king-minos-labyrith-minotaur,/sculpture/reign-king-minos-labyrith-minotaur/,Sculpture,,,"labyrith, minotaur, crete, thalassocracy, minoan civilization",,,"labyrith, Minotaur, Crete, thalassocracy, Minoan civilization",,Under the reign of king Minos
article,False,YUKO SHIMIZU: CONTEMPORARY HEROINES,yuko-shimizu-contemporary-heroines-yuko-shimizu,/article/yuko-shimizu-contemporary-heroines-yuko-shimizu/,Article,,,"yuko shimizu, contemporary art theory",https://blogger.googleusercontent.com/img/b/R29vZ2xl/AVvXsEhn-O377LDicZZB3CQlRvYGaGmJBseYrKfkkEdXhH_eovb7jLxIgGpsPi9ZMvTahtsxSY7i1UGqi6i61xN7IYfWWtXvXV_cI8umI5r6jD3HkkGkRxObqWIqGRD2j-ziW7ZqIWKW16jyaA/s1600/bEWYUre6Qz6vcXdqiaqD3H-650-80.jpg,"Yuko Shimizu, illustration for cover and products: ãƒžã‚­ã‚·ãƒžãƒ ãƒ»ã‚¶ãƒ»ãƒ›ãƒ«ãƒ¢ãƒ³ (Maximum the Hormone) (Japanese metal band) 
DVD Deka Vs Deka (Nov 2015 released)","Yuko Shimizu, contemporary art theory",,"YUKO SHIMIZU: CONTEMPORARY HEROINES

How to combine Japanese and American illustration?

â€œWhat makes so interesting the illustrations of Yuko Shimizu, that many clients around the world has been hiring her to illustrate their posters for events and covers of magazines, albums and books?

This episode of Contemporary Art Theory, studies the art of this Japanese Illustrator based in New York.

(Introduction)
The overall experience of a Yuko Shimizu artwork is always a fully immersive world. It has a story within a specific scenario and consequently we can study each one of her artworks like we analyze movies.
There are three elements that help the artist to achieve this cinematic effect: The characters, the ambient and the technique.

1. The Characters:
In Yukoâ€™s art,
1)      There is always a main character with a CLEAR FACIAL EXPRESSION: for example he or she is suffering, enduring, yielding, struggling, stretching or searching for something. In other words, there is always emotion and it is clear that the character is taking a side in an event.  
2)      This is also supported by the fact that the character is in the middle of an action, he or she is DOING something, whether it is jumping, kicking, swimming or contemplating.
3)      The character is always portrayed from an unusual angle. Very rarely is a frontal view of a standing person as we see in our everyday lives. There are often tilt-up and tilt-down angles to emphasize dramatism in the composition and set the viewer as a particular witness.

2. The Ambient.
4)      There are always many volatile objects that give the scene a feeling of frozen gravity and multidirectional weight. â€“ There is constantly a signature collective behavior in those objects but very often, each one has a story to tell. For example arrows are flying around but some of them are broken or smashed. Birds are in the air but each one in a different moment of his flying process. This gives the composition the complementary sensation of variety within a unity.
5)      The environment plays a meaningful role because it is active. Either if it is fire, air, like in a strong wind or Water (in all different presentations like snow, splash drops, rain, clouds, waves). The elements are always present and always in movement.
6)      In Yukoâ€™s artworks, Cultural icons are being revisited. So you know you are looking at a specific cultural reference, but now in a different context and with a different intention. So the spectator tends to look for new meanings and clues to experience the tradition in a contemporary way.

3. The Technique:
The feeling of the hand-drawing is protagonist. The strong silhouettes also give us a clear clue on the tradition of comic illustration.
8)      The texture of the paper is also present to create a warm sensation, like in a documentary film.
The grading and vignette effects also help to generate a nostalgic image. The same happens when we discover beautiful illustrations in old books or watch shorts images from the first movies ever made.  

As an overall conclusion:
9)      And finally looking at the illustrations all together, in Yuko Shimizuâ€™s portfolio: The viewer getâ€™s the impression of proactive lives. There is never a feeling of coward neutrality or passiveness. These are the new types of heroes from which we would like to know more about, follow and join in their adventures."
songs,False,Blindness,blindness-jose-saramago,/songs/blindness-jose-saramago/,MusicComposition,,,"jose saramago, blindness",,,"Jose Saramago, Blindness",Animal,"BLINDNESS

I know the reason why you hate so much this kind of place,
and I know why you feel so proudful to look at nobody,
but which kind of happiness lies under obliviousness?
Spending your time avoiding any other human gaze.

It's because you don't want to feel bothered
by the gaze of any stranger
staring at your straight in to your eyes.
That's ehy you don't take your eyes out of your
radio-tv-pc-phone-visor,
it's the white blindness described by Saramago.

If we both make faces like animals,
trapped in urban traffic lights,
and it is our perpetual reality,
to be connections, weirder every time. 

Everything to fool yourself,
about your lightweight pleasantness, 
and dettach your 'bright future' from this current time
that is always confrontational."
songs,False,Self-Destructive,self-destructive-self-destructive-behavior-obsessive-compulsive,/songs/self-destructive-self-destructive-behavior-obsessive-compulsive/,MusicComposition,,,"self-destructive behavior, obsessive-compulsive disorder, hoarding disorder",,,"self-destructive behavior, obsessive-compulsive disorder, hoarding disorder",Animal,"SELF-DESTRUCTIVE

Your portraits are getting outdated
in the social network you used to check yourself.
And it will be pointless,
that you got minions of followers robots.

Your anxiety to get every time more,
the skin of the world will dissolve.
Obsessive compulsive disorder:
Self-destructive behavior.

You rip off the land, 
exploit and kill living beings of all kinds.
Desperate for the latest collectibles,
accumulating you will not fill your existencial emptyness."
songs,False,Trigger,trigger-emotional-triggers-hot-buttons-emotional-flooding-perpet,/songs/trigger-emotional-triggers-hot-buttons-emotional-flooding-perpet/,MusicComposition,,,"emotional triggers, hot buttons, emotional flooding, perpetual problems, reactive cycle, attachment injuries, threats",,,"Emotional triggers, Hot buttons, Emotional flooding, perpetual problems, reactive cycle, attachment injuries, threats",Counterfeit,"TRIGGER

Pain, has many names,
emotions attached to piercing memories.
Releasing free radicals,
scenes from the past that grow present spikes.

Trigger, triggers
a word away from shouting,
trigger the animal,
we're actively endorsing tragedies.

Bigger triggers, triggers everywhere,
unable to stop the escalating mess,
bigger triggers and reasons to ignite.
Rage hiddes behind every other thing.

Don't wait ""for the pain to make sense""."
songs,False,Armored Heart,armored-heart-emotional-withdrawal-emotional-numbing-emotional-d,/songs/armored-heart-emotional-withdrawal-emotional-numbing-emotional-d/,MusicComposition,,,"emotional withdrawal, emotional numbing, emotional detachment, emotional blunting, pistanthrophobia, avoidant attachment, behavioral walls, behavioral guarding",,,"emotional withdrawal, emotional numbing, emotional detachment, emotional blunting, pistanthrophobia, avoidant attachment, behavioral walls, behavioral guarding",Counterfeit,"ARMORED HEART

If you were hurt,
it's natural for you to close
your doors/a practical distrust,
in a tendency to load yourself
with weapongs and 
Armored heart!

Nothing personal, I'm trying my best
but I can't get attached to anything
hurting people in snowball effect
I'm sorry you meet me in decadence.

There's not only one version of ourselves,
I'm sorry you meet this creepy and lame:
Armored Heart"
songs,False,Native,native-monocultures-monotony-standarization,/songs/native-monocultures-monotony-standarization/,MusicComposition,,,"monocultures, monotony, standarization",,,"monocultures, monotony, standarization",Collateral,"NATIVE

Monocultures monotonize-us,
the educative and labor system
would like to standardize you!
But what you really need is flexibility,
because your mission is to be:
A Native Forest!"
songs,False,Unintended Permanence,unintended-permanence-every-character-need,/songs/unintended-permanence-every-character-need/,MusicComposition,,,"unintended, permanence, every, character, need, shaken, prove, worth, both, lives",,,,Collateral,"UNINTENDED PERMANENCE

Every character need to be shaken
so we can prove: it was worth both lives (yours and mine)
The protagonist, prone to agony,
always bets against the odds.

If something is not breaking
you are not trying hard enough

Bring me turbulence,
unintended permanence,
Abracadabra,
Rocket Engine Explosion.

It's the flat[screen]-continuum that hurts!

No Absolute Zero,
No smooth solution,
No Deus ex Machina (No bail out)
Real Deal.

The uneventful hours, compound against you!

Would all this third party damage subdue?"
photograph,False,Lossing weight,lossing-weight,/photograph/lossing-weight/,Photograph,,,"lossing, weight",,,,,Lossing weight
photograph,False,Native,native-monocultures-monotony-standarization,/photograph/native-monocultures-monotony-standarization/,Photograph,,,"monocultures, monotony, standarization",,,"monocultures, monotony, standarization",,Native
photograph,False,Frog You!,frog,/photograph/frog/,Photograph,,,frog,,,,,Frog You!
epistolary,False,Wellness,wellness-only-operates-presence,/epistolary/wellness-only-operates-presence/,CreativeWork,,,"wellness, only, operates, presence",,,,,"""Wellness only operates under your presence"""
epistolary,False,ðŸ¤–ðŸ‘½ðŸ’€,automatically-alienated-until-dead,/epistolary/automatically-alienated-until-dead/,CreativeWork,,,"automatically, alienated, until, dead",,,,,"ðŸ¤–ðŸ‘½ðŸ’€
""Automatically Alienated to you until Dead"""
epistolary,False,On heels,heels-have-limits-when,/epistolary/heels-have-limits-when/,CreativeWork,,,"have, limits, when, heels",,,,,"""You don't have limits when you are on heels"""
capsule-review,False,PAINTED FIRE,painted-fire-kwon-taek-2002-like,/capsule-review/painted-fire-kwon-taek-2002-like/,CreativeWork,,,"painted, fire, kwon-taek, 2002, like, swan, then, left, swans, farewell",,,,,"PAINTED FIRE
Kwon-taek (2002)

He painted her like a swan
and then left to see the swans. 
""This is a farewell""."
